call_type,date
1,2021-03-03T00:00:00.000Z
1,2021-03-03T00:00:00.000Z
1,2021-03-03T00:00:00.000Z
1,2021-03-03T00:00:00.000Z
1,2021-03-07T00:00:00.000Z
1,2021-03-07T00:00:00.000Z
1,2021-03-09T00:00:00.000Z
1,2021-03-10T00:00:00.000Z
1,2021-03-10T00:00:00.000Z
1,2021-03-11T00:00:00.000Z
1,2021-03-17T00:00:00.000Z
1,2021-03-21T00:00:00.000Z
1,2021-03-21T00:00:00.000Z
1,2021-03-29T00:00:00.000Z
1,2021-04-04T00:00:00.000Z
1,2021-04-06T00:00:00.000Z
1,2021-04-11T00:00:00.000Z
1,2021-04-13T00:00:00.000Z
1,2021-04-13T00:00:00.000Z
1,2021-04-13T00:00:00.000Z
1,2021-04-13T00:00:00.000Z
1,2021-04-14T00:00:00.000Z
1,2021-04-14T00:00:00.000Z
1,2021-04-14T00:00:00.000Z
1,2021-04-16T00:00:00.000Z
1,2021-04-19T00:00:00.000Z
1,2021-04-27T00:00:00.000Z
1,2021-04-27T00:00:00.000Z
1,2021-05-04T00:00:00.000Z
1,2021-05-07T00:00:00.000Z
1,2021-05-07T00:00:00.000Z
1,2021-05-07T00:00:00.000Z
1,2021-05-28T00:00:00.000Z
1,2021-05-30T00:00:00.000Z
1,2021-05-30T00:00:00.000Z
1,2021-05-30T00:00:00.000Z
1,2021-06-01T00:00:00.000Z
1,2021-06-05T00:00:00.000Z
1,2021-06-06T00:00:00.000Z
1,2021-06-10T00:00:00.000Z
1,2021-06-10T00:00:00.000Z
1,2021-06-10T00:00:00.000Z
1,2021-06-10T00:00:00.000Z
1,2021-06-10T00:00:00.000Z
1,2021-06-12T00:00:00.000Z
1,2021-06-14T00:00:00.000Z
1,2021-06-17T00:00:00.000Z
1,2021-06-18T00:00:00.000Z
1,2021-06-20T00:00:00.000Z
1,2021-06-24T00:00:00.000Z
1,2021-06-29T00:00:00.000Z
1,2021-06-30T00:00:00.000Z
1,2021-07-06T00:00:00.000Z
1,2021-07-06T00:00:00.000Z
1,2021-07-06T00:00:00.000Z
1,2021-07-15T00:00:00.000Z
1,2021-07-15T00:00:00.000Z
1,2021-07-16T00:00:00.000Z
1,2021-07-16T00:00:00.000Z
1,2021-07-16T00:00:00.000Z
1,2021-07-16T00:00:00.000Z
1,2021-07-16T00:00:00.000Z
1,2021-07-16T00:00:00.000Z
1,2021-07-16T00:00:00.000Z
1,2021-07-16T00:00:00.000Z
1,2021-07-16T00:00:00.000Z
1,2021-07-16T00:00:00.000Z
1,2021-07-16T00:00:00.000Z
1,2021-07-16T00:00:00.000Z
1,2021-07-16T00:00:00.000Z
1,2021-07-16T00:00:00.000Z
1,2021-07-18T00:00:00.000Z
1,2021-07-18T00:00:00.000Z
1,2021-07-19T00:00:00.000Z
1,2021-07-19T00:00:00.000Z
1,2021-07-19T00:00:00.000Z
1,2021-07-20T00:00:00.000Z
1,2021-07-23T00:00:00.000Z
1,2021-07-25T00:00:00.000Z
1,2021-07-27T00:00:00.000Z
1,2021-07-27T00:00:00.000Z
1,2021-07-28T00:00:00.000Z
1,2021-07-28T00:00:00.000Z
1,2021-07-29T00:00:00.000Z
1,2021-07-31T00:00:00.000Z
1,2021-07-31T00:00:00.000Z
1,2021-08-04T00:00:00.000Z
1,2021-08-04T00:00:00.000Z
1,2021-08-13T00:00:00.000Z
1,2021-08-14T00:00:00.000Z
1,2021-08-15T00:00:00.000Z
1,2021-08-17T00:00:00.000Z
1,2021-08-19T00:00:00.000Z
1,2021-08-20T00:00:00.000Z
1,2021-08-21T00:00:00.000Z
1,2021-08-21T00:00:00.000Z
1,2021-08-21T00:00:00.000Z
1,2021-08-22T00:00:00.000Z
1,2021-08-22T00:00:00.000Z
1,2021-08-25T00:00:00.000Z
1,2021-08-26T00:00:00.000Z
1,2021-08-27T00:00:00.000Z
1,2021-08-27T00:00:00.000Z
1,2021-08-27T00:00:00.000Z
1,2021-08-29T00:00:00.000Z
1,2021-09-02T00:00:00.000Z
1,2021-09-08T00:00:00.000Z
1,2021-09-22T00:00:00.000Z
1,2021-10-06T00:00:00.000Z
1,2021-10-07T00:00:00.000Z
1,2021-10-07T00:00:00.000Z
1,2021-10-08T00:00:00.000Z
1,2021-10-08T00:00:00.000Z
1,2021-10-08T00:00:00.000Z
1,2021-10-08T00:00:00.000Z
1,2021-10-09T00:00:00.000Z
1,2021-10-09T00:00:00.000Z
1,2021-10-09T00:00:00.000Z
1,2021-10-09T00:00:00.000Z
1,2021-10-14T00:00:00.000Z
1,2021-10-14T00:00:00.000Z
1,2021-10-14T00:00:00.000Z
1,2021-10-14T00:00:00.000Z
1,2021-10-14T00:00:00.000Z
1,2021-10-14T00:00:00.000Z
1,2021-10-15T00:00:00.000Z
1,2021-10-15T00:00:00.000Z
1,2021-10-16T00:00:00.000Z
1,2021-10-18T00:00:00.000Z
1,2021-10-18T00:00:00.000Z
1,2021-10-19T00:00:00.000Z
1,2021-10-22T00:00:00.000Z
1,2021-10-24T00:00:00.000Z
1,2021-10-24T00:00:00.000Z
1,2021-10-24T00:00:00.000Z
1,2021-10-30T00:00:00.000Z
1,2021-10-30T00:00:00.000Z
1,2021-10-31T00:00:00.000Z
1,2021-10-31T00:00:00.000Z
1,2021-10-31T00:00:00.000Z
1,2021-10-31T00:00:00.000Z
1,2021-10-31T00:00:00.000Z
1,2021-10-31T00:00:00.000Z
1,2021-10-31T00:00:00.000Z
1,2021-10-31T00:00:00.000Z
1,2021-10-31T00:00:00.000Z
1,2021-10-31T00:00:00.000Z
1,2021-10-31T00:00:00.000Z
1,2021-11-02T00:00:00.000Z
1,2021-11-02T00:00:00.000Z
1,2021-11-03T00:00:00.000Z
1,2021-11-03T00:00:00.000Z
1,2021-11-04T00:00:00.000Z
1,2021-11-06T00:00:00.000Z
1,2021-11-07T00:00:00.000Z
1,2021-11-08T00:00:00.000Z
1,2021-11-08T00:00:00.000Z
1,2021-11-08T00:00:00.000Z
1,2021-11-08T00:00:00.000Z
1,2021-11-09T00:00:00.000Z
1,2021-11-09T00:00:00.000Z
1,2021-11-09T00:00:00.000Z
1,2021-11-10T00:00:00.000Z
1,2021-11-11T00:00:00.000Z
1,2021-11-14T00:00:00.000Z
1,2021-11-15T00:00:00.000Z
1,2021-11-16T00:00:00.000Z
1,2021-11-19T00:00:00.000Z
1,2021-11-19T00:00:00.000Z
1,2021-11-19T00:00:00.000Z
1,2021-11-20T00:00:00.000Z
1,2021-11-20T00:00:00.000Z
1,2021-11-21T00:00:00.000Z
1,2021-11-21T00:00:00.000Z
1,2021-11-21T00:00:00.000Z
1,2021-11-22T00:00:00.000Z
1,2021-11-23T00:00:00.000Z
1,2021-11-23T00:00:00.000Z
1,2021-11-23T00:00:00.000Z
1,2021-11-23T00:00:00.000Z
1,2021-11-25T00:00:00.000Z
1,2021-11-25T00:00:00.000Z
1,2021-11-27T00:00:00.000Z
1,2021-11-28T00:00:00.000Z
1,2021-11-29T00:00:00.000Z
1,2021-11-30T00:00:00.000Z
1,2021-11-30T00:00:00.000Z
1,2021-11-30T00:00:00.000Z
1,2021-12-01T00:00:00.000Z
1,2021-12-02T00:00:00.000Z
1,2021-12-02T00:00:00.000Z
1,2021-12-02T00:00:00.000Z
1,2021-12-02T00:00:00.000Z
1,2021-12-02T00:00:00.000Z
1,2021-12-03T00:00:00.000Z
1,2021-12-03T00:00:00.000Z
1,2021-12-04T00:00:00.000Z
1,2021-12-04T00:00:00.000Z
1,2021-12-05T00:00:00.000Z
1,2021-12-05T00:00:00.000Z
1,2021-12-06T00:00:00.000Z
1,2021-12-06T00:00:00.000Z
1,2021-12-06T00:00:00.000Z
1,2021-12-06T00:00:00.000Z
1,2021-12-06T00:00:00.000Z
1,2021-12-06T00:00:00.000Z
1,2021-12-06T00:00:00.000Z
1,2021-12-07T00:00:00.000Z
1,2021-12-08T00:00:00.000Z
1,2021-12-08T00:00:00.000Z
1,2021-12-08T00:00:00.000Z
1,2021-12-08T00:00:00.000Z
1,2021-12-08T00:00:00.000Z
1,2021-12-10T00:00:00.000Z
1,2021-12-10T00:00:00.000Z
1,2021-12-11T00:00:00.000Z
1,2021-12-12T00:00:00.000Z
1,2021-12-13T00:00:00.000Z
1,2021-12-14T00:00:00.000Z
1,2021-12-15T00:00:00.000Z
1,2021-12-15T00:00:00.000Z
1,2021-12-15T00:00:00.000Z
1,2021-12-17T00:00:00.000Z
1,2021-12-17T00:00:00.000Z
1,2021-12-18T00:00:00.000Z
1,2021-12-19T00:00:00.000Z
1,2021-12-20T00:00:00.000Z
1,2021-12-20T00:00:00.000Z
1,2021-12-20T00:00:00.000Z
1,2021-12-20T00:00:00.000Z
1,2021-12-20T00:00:00.000Z
1,2021-12-21T00:00:00.000Z
1,2021-12-21T00:00:00.000Z
1,2021-12-21T00:00:00.000Z
1,2021-12-21T00:00:00.000Z
1,2021-12-21T00:00:00.000Z
1,2021-12-21T00:00:00.000Z
1,2021-12-21T00:00:00.000Z
1,2021-12-21T00:00:00.000Z
1,2021-12-21T00:00:00.000Z
1,2021-12-21T00:00:00.000Z
1,2021-12-21T00:00:00.000Z
1,2021-12-21T00:00:00.000Z
1,2021-12-21T00:00:00.000Z
1,2021-12-22T00:00:00.000Z
1,2021-12-22T00:00:00.000Z
1,2021-12-23T00:00:00.000Z
1,2021-12-23T00:00:00.000Z
1,2021-12-23T00:00:00.000Z
1,2021-12-23T00:00:00.000Z
1,2021-12-24T00:00:00.000Z
1,2021-12-24T00:00:00.000Z
1,2021-12-24T00:00:00.000Z
1,2021-12-25T00:00:00.000Z
1,2021-12-25T00:00:00.000Z
1,2021-12-25T00:00:00.000Z
1,2021-12-25T00:00:00.000Z
1,2021-12-26T00:00:00.000Z
1,2021-12-26T00:00:00.000Z
1,2021-12-26T00:00:00.000Z
1,2021-12-26T00:00:00.000Z
1,2021-12-26T00:00:00.000Z
1,2021-12-26T00:00:00.000Z
1,2021-12-27T00:00:00.000Z
1,2021-12-27T00:00:00.000Z
1,2021-12-27T00:00:00.000Z
1,2021-12-27T00:00:00.000Z
1,2021-12-28T00:00:00.000Z
1,2021-12-28T00:00:00.000Z
1,2021-12-28T00:00:00.000Z
1,2021-12-28T00:00:00.000Z
1,2021-12-28T00:00:00.000Z
1,2021-12-28T00:00:00.000Z
1,2021-12-29T00:00:00.000Z
1,2021-12-30T00:00:00.000Z
1,2021-12-30T00:00:00.000Z
1,2021-12-31T00:00:00.000Z
1,2021-12-31T00:00:00.000Z
1,2021-12-31T00:00:00.000Z
1,2022-01-02T00:00:00.000Z
1,2022-01-03T00:00:00.000Z
1,2022-01-03T00:00:00.000Z
1,2022-01-04T00:00:00.000Z
1,2022-01-06T00:00:00.000Z
1,2022-01-06T00:00:00.000Z
1,2022-01-06T00:00:00.000Z
1,2022-01-08T00:00:00.000Z
1,2022-01-08T00:00:00.000Z
1,2022-01-08T00:00:00.000Z
1,2022-01-09T00:00:00.000Z
1,2022-01-10T00:00:00.000Z
1,2022-01-10T00:00:00.000Z
1,2022-01-12T00:00:00.000Z
1,2022-01-13T00:00:00.000Z